<?xml version="1.0" encoding="UTF-8"?>
<project-private xmlns="http://www.netbeans.org/ns/project-private/1">
    <editor-bookmarks xmlns="http://www.netbeans.org/ns/editor-bookmarks/2" lastBookmarkId="0"/>
    <open-files xmlns="http://www.netbeans.org/ns/projectui-open-files/2">
        <group>
            <file>file:/C:/Users/picar/Desktop/Software/Programacion%20OO/ProyectoFinal/src/view/Render.java</file>
            <file>file:/C:/Users/picar/Desktop/Software/Programacion%20OO/ProyectoFinal/src/view/AgregarProducto.java</file>
            <file>file:/C:/Users/picar/Desktop/Software/Programacion%20OO/ProyectoFinal/src/control/ControlCrearCategoria.java</file>
            <file>file:/C:/Users/picar/Desktop/Software/Programacion%20OO/ProyectoFinal/src/control/ControlPrincipal.java</file>
            <file>file:/C:/Users/picar/Desktop/Software/Programacion%20OO/ProyectoFinal/src/view/CrearProducto.java</file>
            <file>file:/C:/Users/picar/Desktop/Software/Programacion%20OO/ProyectoFinal/src/control/ControlBuscarProducto.java</file>
            <file>file:/C:/Users/picar/Desktop/Software/Programacion%20OO/ProyectoFinal/src/view/BuscarProducto.java</file>
            <file>file:/C:/Users/picar/Desktop/Software/Programacion%20OO/ProyectoFinal/src/view/CrearCategoria.java</file>
            <file>file:/C:/Users/picar/Desktop/Software/Programacion%20OO/ProyectoFinal/src/view/MenuPrincipal.java</file>
            <file>file:/C:/Users/picar/Desktop/Software/Programacion%20OO/ProyectoFinal/src/control/ControlCrearProducto.java</file>
        </group>
    </open-files>
</project-private>
